PRODUCT_NAME,TOTAL_SOLD
Soap,340
Soap Variant 2,316
Notebook Variant 2,308
Denim Jacket,296
Notebook,288
Dining Table,288
Water Bottle Variant 2,272
Non Stick Pan,264
DBMS,264
Running Shoes,260
Deep Work,256
43 Smart TV Variant 2,256
Wardrobe,252
Conditioner Variant 2,248
Cricket Ball Variant 2,248
Football,244
Induction Cooktop Variant 2,240
Bluetooth Speaker Variant 2,240
Yoga Mat,236
Microwave Oven,232
Sunflower Oil 5 L,228
Butter 500 g Variant 2,228
Polo T-Shirt,228
Reasoning,224
Pencil,224
Garam Masala Variant 2,216
Cookware Set,216
Eraser Variant 2,216
iPad 11,216
Trouser,212
Track Pants,208
ThinkPad E14 Variant 2,208
Plastic Chair,208
Room Heater,204
TV Unit,204
Bookshelf,204
Galaxy A56,204
Marker,204
Galaxy A56 Variant 2,204
SQL Guide,204
Drawing Book Variant 2,200
Shampoo Variant 2,200
Mixer Jar Variant 2,196
Snowflake Essentials,196
Cookware Set Variant 2,196
Atta 10 Kg Variant 2,192
Pencil Variant 2,192
Face Wash Variant 2,192
Body Wash Variant 2,188
Air Cooler Variant 2,188
Microwave Oven Variant 2,188
Gas Stove Variant 2,188
Lunch Box Variant 2,188
Tooth Brush Variant 2,188
Storage Container Variant 2,188
Sports Bag,188
Washing Machine Variant 2,188
Mixer Jar,188
Mathematics,188
Face Cream,184
Iron Box Variant 2,184
Pavilion Laptop Variant 2,184
Wireless Headphones Variant 2,180
Pressure Cooker Variant 2,176
Water Bottle,176
Basmati Rice 5 Kg,176
Kurti,172
English Grammar,172
Tooth Brush,172
Cricket Ball,172
Face Wash,172
G Biscuits Variant 2,172
Gym Gloves Variant 2,172
Formal Shirt,168
Shirt,168
Pressure Cooker,168
Inkjet Printer,168
G Biscuits,168
Airdopes 311,164
Mixer Grinder,164
Basketball Variant 2,164
Iron Box,164
Knife Set Variant 2,164
Gym Gloves,160
Football Shoes Variant 2,160
Water Heater,160
Induction Cooktop,160
Volleyball,156
Conditioner,156
Track Pants Variant 2,156
Hand Wash Variant 2,156
Salt 1 Kg Variant 2,156
Washing Machine,152
Toothpaste,152
Geometry Box Variant 2,152
Denim Jacket Variant 2,152
Stapler,152
Knife Set,148
Non Stick Pan Variant 2,148
iPad 11 Variant 2,144
Slim Jeans Variant 2,144
Air Cooler,140
Men T-Shirt,140
Shampoo,140
Yoga Mat Variant 2,140
Football Shoes,140
Study Table,140
Sports Bag Variant 2,140
Coffee Table,140
Cricket Bat,140
Casserole,140
Basmati Rice 5 Kg Variant 2,136
Marie Gold,136
Running Shoes Variant 2,136
Toaster Variant 2,136
Bed,136
Sofa,136
Kurti Variant 2,136
Learning Python,136
Pavilion Laptop,136
Basketball,132
Ceiling Fan Variant 2,132
Eraser,132
Atta 10 Kg,128
Office Chair,128
Hand Wash,128
Shirt Variant 2,128
Storage Container,128
Water Heater Variant 2,128
Volleyball Variant 2,128
Toothpaste Variant 2,124
Casserole Variant 2,124
Trouser Variant 2,124
Butter 500 g,124
Salt 1 Kg,124
43 Smart TV,124
Milk Powder,124
Polo T-Shirt Variant 2,124
Formal Shirt Variant 2,124
Body Wash,124
Face Cream Variant 2,120
Toaster,120
Badminton Racket,120
Marker Variant 2,120
Drawing Book,120
Mixer Grinder Variant 2,120
Football Variant 2,120
Geometry Box,120
Bluetooth Speaker,116
Color Pencils Variant 2,116
Ball Pen,116
Tea Gold,116
Wireless Headphones,116
Lunch Box,116
Stapler Variant 2,112
Gas Stove,112
Room Heater Variant 2,112
Ball Pen Variant 2,112
Inspiron 15 Variant 2,108
Sunflower Oil 5 L Variant 2,108
Color Pencils,104
Inkjet Printer Variant 2,104
Inspiron 15,100
Marie Gold Variant 2,96
Men T-Shirt Variant 2,96
Python Programming,92
Slim Jeans,88
Cricket Bat Variant 2,84
Airdopes 311 Variant 2,80
Ceiling Fan,80
Garam Masala,76
Atomic Habits,72
Tea Gold Variant 2,72
Badminton Racket Variant 2,68
ThinkPad E14,60
Milk Powder Variant 2,44
