Order_ID,Order_Date,Customer_ID,Store_ID,Payment_Mode,Order_Status,Discount_Amount,GST_Amount,Net_Amount
ORD00001,2025-04-07,CUST0049,STR007,Credit Card,Delivered,1500,1355.76,8887.76
ORD00002,2023-06-27,CUST0033,STR024,UPI,Delivered,0,6407.82,42006.82
ORD00003,2025-09-29,CUST0026,STR014,Debit Card,Delivered,1500,4195.62,27504.62
ORD00004,2025-03-05,CUST0088,STR007,UPI,Delivered,100,6723.54,44076.54
ORD00005,2023-06-19,CUST0092,STR017,Debit Card,Delivered,200,3750.12,24584.12
ORD00006,2023-03-29,CUST0035,STR018,UPI,Delivered,0,6356.88,41672.88
ORD00007,2025-08-04,CUST0067,STR029,UPI,Delivered,100,641.34,4204.34
ORD00008,2023-09-22,CUST0028,STR030,Debit Card,Delivered,500,5174.64,33922.64
ORD00009,2023-12-30,CUST0065,STR022,UPI,Delivered,200,2037.24,13355.24
ORD00010,2025-05-08,CUST0011,STR030,UPI,Delivered,500,3618.54,23721.54
ORD00011,2023-01-12,CUST0049,STR011,UPI,Delivered,1000,527.40,3457.40
ORD00012,2024-03-09,CUST0057,STR009,Credit Card,Cancelled,100,1526.40,10006.40
ORD00013,2025-09-02,CUST0008,STR005,Debit Card,Delivered,500,1738.62,11397.62
ORD00014,2025-04-16,CUST0016,STR004,UPI,Delivered,200,2113.56,13855.56
ORD00015,2023-10-26,CUST0027,STR029,Credit Card,Cancelled,1500,2543.22,16672.22
ORD00016,2024-06-11,CUST0016,STR028,Cash,Delivered,500,817.92,5361.92
ORD00017,2024-08-12,CUST0002,STR019,Cash,Delivered,200,4464.90,29269.90
ORD00018,2024-11-20,CUST0052,STR013,UPI,Delivered,50,1137.96,7459.96
ORD00019,2023-03-18,CUST0048,STR024,Cash,Cancelled,100,2751.66,18038.66
ORD00020,2024-04-07,CUST0084,STR024,UPI,Returned,50,3748.14,24571.14
ORD00021,2024-05-26,CUST0050,STR010,UPI,Returned,200,5182.56,33974.56
ORD00022,2024-06-08,CUST0009,STR017,UPI,Delivered,1500,3565.80,23375.80
ORD00023,2025-09-04,CUST0069,STR005,Net Banking,Delivered,200,3449.34,22612.34
ORD00024,2026-06-05,CUST0021,STR010,UPI,Delivered,1000,7171.92,47015.92
ORD00025,2025-06-20,CUST0025,STR013,UPI,Delivered,1000,0.00,0.00
ORD00026,2024-12-28,CUST0089,STR010,Net Banking,Delivered,1000,7718.76,50600.76
ORD00027,2023-12-18,CUST0082,STR009,Debit Card,Delivered,200,2745.72,17999.72
ORD00028,2024-12-08,CUST0085,STR013,UPI,Delivered,0,2442.60,16012.60
ORD00029,2025-12-05,CUST0040,STR022,Net Banking,Returned,1500,5813.28,38109.28
ORD00030,2025-06-28,CUST0027,STR009,Debit Card,Delivered,500,5484.96,35956.96
ORD00031,2025-12-23,CUST0081,STR020,Debit Card,Cancelled,1500,6931.80,45441.80
ORD00032,2024-08-11,CUST0026,STR024,UPI,Delivered,0,3681.36,24133.36
ORD00033,2026-04-03,CUST0005,STR002,UPI,Delivered,1000,6447.24,42265.24
ORD00034,2026-04-19,CUST0074,STR010,UPI,Delivered,200,4673.52,30637.52
ORD00035,2023-12-19,CUST0034,STR015,UPI,Returned,1500,5051.70,33116.70
ORD00036,2025-03-07,CUST0054,STR018,Net Banking,Delivered,50,2995.92,19639.92
ORD00037,2024-07-14,CUST0060,STR019,Cash,Delivered,1500,1950.48,12786.48
ORD00038,2025-09-08,CUST0074,STR029,Credit Card,Returned,50,7889.76,51721.76
ORD00039,2023-06-03,CUST0069,STR008,Net Banking,Delivered,100,1390.86,9117.86
ORD00040,2025-10-08,CUST0010,STR011,Debit Card,Delivered,500,7992.90,52397.90
ORD00041,2024-07-17,CUST0082,STR001,Credit Card,Delivered,50,2002.86,13129.86
ORD00042,2026-04-19,CUST0007,STR013,UPI,Delivered,500,2676.60,17546.60
ORD00043,2024-08-21,CUST0021,STR027,UPI,Delivered,50,4972.50,32597.50
ORD00044,2024-01-22,CUST0015,STR016,UPI,Delivered,0,4361.58,28592.58
ORD00045,2026-02-20,CUST0026,STR025,Credit Card,Delivered,1500,7482.24,49050.24
ORD00046,2025-12-31,CUST0011,STR024,Debit Card,Delivered,50,1660.50,10885.50
ORD00047,2026-01-21,CUST0012,STR002,Debit Card,Delivered,100,2000.70,13115.70
ORD00048,2024-04-19,CUST0079,STR020,Debit Card,Delivered,1500,3795.84,24883.84
ORD00049,2023-04-19,CUST0044,STR026,Credit Card,Delivered,1000,1992.24,13060.24
ORD00050,2023-08-16,CUST0019,STR016,Credit Card,Delivered,50,192.78,1263.78
ORD00051,2025-02-10,CUST0088,STR026,UPI,Cancelled,500,2740.32,17964.32
ORD00052,2025-06-28,CUST0094,STR026,Credit Card,Returned,1500,1688.22,11067.22
ORD00053,2023-12-07,CUST0100,STR015,UPI,Delivered,500,501.84,3289.84
ORD00054,2025-03-23,CUST0003,STR010,Net Banking,Delivered,100,169.02,1108.02
ORD00055,2026-02-12,CUST0038,STR010,UPI,Delivered,0,906.84,5944.84
ORD00056,2024-12-25,CUST0021,STR020,Debit Card,Cancelled,100,7868.70,51583.70
ORD00057,2023-03-12,CUST0049,STR027,UPI,Delivered,1000,1652.22,10831.22
ORD00058,2023-02-07,CUST0098,STR028,Net Banking,Delivered,500,4907.88,32173.88
ORD00059,2024-04-11,CUST0023,STR017,UPI,Delivered,1000,2725.92,17869.92
ORD00060,2024-06-16,CUST0021,STR027,Credit Card,Delivered,0,6725.52,44089.52
ORD00061,2024-02-18,CUST0017,STR029,Net Banking,Delivered,100,758.70,4973.70
ORD00062,2024-01-11,CUST0075,STR025,UPI,Delivered,0,7645.86,50122.86
ORD00063,2025-10-27,CUST0051,STR030,Net Banking,Delivered,500,1917.90,12572.90
ORD00064,2024-04-22,CUST0044,STR014,UPI,Returned,100,1109.34,7272.34
ORD00065,2025-10-25,CUST0021,STR008,Debit Card,Delivered,200,1202.94,7885.94
ORD00066,2026-06-06,CUST0026,STR029,Cash,Delivered,50,2975.40,19505.40
ORD00067,2024-06-09,CUST0022,STR021,Credit Card,Cancelled,0,6462.00,42362.00
ORD00068,2024-04-25,CUST0031,STR017,UPI,Delivered,500,4628.52,30342.52
ORD00069,2026-02-23,CUST0010,STR008,UPI,Cancelled,200,3960.18,25961.18
ORD00070,2024-01-23,CUST0013,STR026,Credit Card,Returned,0,5206.14,34129.14
ORD00071,2024-10-07,CUST0025,STR030,UPI,Delivered,1000,3038.04,19916.04
ORD00072,2024-06-06,CUST0002,STR019,Credit Card,Delivered,0,4354.20,28544.20
ORD00073,2023-11-23,CUST0045,STR013,UPI,Delivered,50,3116.52,20430.52
ORD00074,2025-07-15,CUST0008,STR001,UPI,Delivered,1500,707.76,4639.76
ORD00075,2025-02-16,CUST0003,STR012,Net Banking,Returned,500,2853.54,18706.54
ORD00076,2023-11-11,CUST0100,STR003,UPI,Delivered,100,2656.08,17412.08
ORD00077,2026-06-25,CUST0033,STR025,Net Banking,Delivered,0,5174.28,33920.28
ORD00078,2025-06-11,CUST0011,STR023,Cash,Delivered,200,5882.76,38564.76
ORD00079,2026-02-17,CUST0049,STR025,Credit Card,Delivered,1000,3732.30,24467.30
ORD00080,2024-12-07,CUST0015,STR009,Credit Card,Delivered,50,436.86,2863.86
ORD00081,2024-06-30,CUST0042,STR020,UPI,Returned,500,7293.60,47813.60
ORD00082,2024-05-12,CUST0028,STR015,Debit Card,Delivered,1000,6974.46,45721.46
ORD00083,2024-06-20,CUST0010,STR025,UPI,Delivered,200,3348.00,21948.00
ORD00084,2025-06-23,CUST0055,STR026,Net Banking,Delivered,500,2738.16,17950.16
ORD00085,2025-12-30,CUST0014,STR030,UPI,Cancelled,500,767.52,5031.52
ORD00086,2024-07-26,CUST0059,STR024,Credit Card,Returned,1000,878.04,5756.04
ORD00087,2023-02-10,CUST0007,STR019,UPI,Delivered,50,4881.78,32002.78
ORD00088,2025-05-17,CUST0085,STR022,Credit Card,Delivered,1500,1215.54,7968.54
ORD00089,2024-10-18,CUST0028,STR007,Debit Card,Returned,200,167.94,1100.94
ORD00090,2024-08-10,CUST0024,STR027,UPI,Cancelled,50,3428.64,22476.64
ORD00091,2025-04-30,CUST0014,STR010,Cash,Cancelled,1000,4429.08,29035.08
ORD00092,2023-07-17,CUST0010,STR009,Net Banking,Delivered,1500,1651.32,10825.32
ORD00093,2024-07-15,CUST0094,STR004,UPI,Delivered,100,859.68,5635.68
ORD00094,2025-08-27,CUST0051,STR005,Cash,Delivered,1500,2349.72,15403.72
ORD00095,2025-10-24,CUST0040,STR027,UPI,Delivered,50,7529.94,49362.94
ORD00096,2025-07-29,CUST0037,STR005,UPI,Delivered,50,5972.58,39153.58
ORD00097,2026-06-10,CUST0046,STR020,Credit Card,Delivered,1500,4915.62,32224.62
ORD00098,2023-10-24,CUST0074,STR001,UPI,Cancelled,500,4677.12,30661.12
ORD00099,2023-06-18,CUST0002,STR014,UPI,Delivered,0,1040.76,6822.76
ORD00100,2024-02-04,CUST0012,STR025,UPI,Delivered,1000,1603.26,10510.26
ORD00101,2024-06-12,CUST0091,STR010,UPI,Delivered,50,7608.24,49876.24
ORD00102,2023-07-02,CUST0079,STR004,UPI,Returned,100,2607.66,17094.66
ORD00103,2025-04-08,CUST0043,STR017,UPI,Delivered,200,2968.38,19459.38
ORD00104,2026-01-15,CUST0079,STR012,UPI,Delivered,1000,3708.72,24312.72
ORD00105,2026-02-07,CUST0087,STR030,UPI,Delivered,500,7372.80,48332.80
ORD00106,2026-05-23,CUST0055,STR023,Credit Card,Delivered,500,4063.86,26640.86
ORD00107,2023-12-28,CUST0094,STR017,Cash,Delivered,0,296.28,1942.28
ORD00108,2026-05-25,CUST0076,STR012,UPI,Delivered,500,769.68,5045.68
ORD00109,2024-10-16,CUST0087,STR018,UPI,Delivered,100,6566.04,43044.04
ORD00110,2023-07-25,CUST0094,STR018,UPI,Delivered,200,4066.02,26655.02
ORD00111,2024-02-11,CUST0082,STR006,UPI,Delivered,200,5619.42,36838.42
ORD00112,2025-05-28,CUST0070,STR018,UPI,Delivered,100,4487.04,29415.04
ORD00113,2023-08-04,CUST0027,STR025,UPI,Delivered,0,8087.76,53019.76
ORD00114,2023-01-10,CUST0048,STR013,UPI,Delivered,500,1429.38,9370.38
ORD00115,2024-08-15,CUST0036,STR014,Cash,Delivered,100,1565.28,10261.28
ORD00116,2023-02-25,CUST0071,STR017,Credit Card,Delivered,500,4815.90,31570.90
ORD00117,2026-02-05,CUST0017,STR009,UPI,Delivered,1500,874.80,5734.80
ORD00118,2024-12-08,CUST0004,STR029,Credit Card,Delivered,200,799.92,5243.92
ORD00119,2024-09-09,CUST0031,STR025,Credit Card,Delivered,1500,5136.30,33671.30
ORD00120,2023-05-24,CUST0046,STR018,Net Banking,Returned,1500,3974.94,26057.94
ORD00121,2026-01-01,CUST0006,STR003,UPI,Delivered,200,201.96,1323.96
ORD00122,2024-02-19,CUST0083,STR017,Debit Card,Delivered,50,81.72,535.72
ORD00123,2023-04-02,CUST0078,STR008,UPI,Delivered,50,2220.84,14558.84
ORD00124,2026-01-29,CUST0059,STR010,Cash,Delivered,100,420.66,2757.66
ORD00125,2023-04-26,CUST0081,STR002,Debit Card,Delivered,1500,4165.38,27306.38
ORD00126,2025-10-17,CUST0098,STR005,UPI,Delivered,1000,1639.08,10745.08
ORD00127,2023-03-07,CUST0043,STR019,Cash,Delivered,1000,2243.70,14708.70
ORD00128,2025-04-29,CUST0087,STR009,UPI,Delivered,200,954.18,6255.18
ORD00129,2025-04-24,CUST0093,STR009,Net Banking,Delivered,500,0.00,0.00
ORD00130,2023-12-19,CUST0099,STR001,Debit Card,Delivered,1000,7828.74,51321.74
ORD00131,2023-02-06,CUST0021,STR017,Cash,Delivered,200,3814.74,25007.74
ORD00132,2025-01-04,CUST0052,STR006,Cash,Delivered,0,2011.14,13184.14
ORD00133,2023-11-15,CUST0071,STR015,Credit Card,Delivered,1000,5552.10,36397.10
ORD00134,2024-10-14,CUST0094,STR021,UPI,Delivered,0,7333.20,48073.20
ORD00135,2025-10-27,CUST0052,STR018,Debit Card,Delivered,50,5554.98,36415.98
ORD00136,2025-10-21,CUST0016,STR026,Debit Card,Returned,500,4960.08,32516.08
ORD00137,2024-10-09,CUST0043,STR007,Debit Card,Delivered,1500,7200.18,47201.18
ORD00138,2024-05-21,CUST0050,STR006,Net Banking,Delivered,100,2750.04,18028.04
ORD00139,2023-06-15,CUST0024,STR002,Debit Card,Delivered,200,5570.82,36519.82
ORD00140,2024-03-16,CUST0094,STR009,UPI,Delivered,1000,2026.62,13285.62
ORD00141,2026-02-13,CUST0082,STR014,Credit Card,Delivered,100,3799.62,24908.62
ORD00142,2023-12-12,CUST0080,STR030,UPI,Delivered,200,1620.00,10620.00
ORD00143,2025-06-28,CUST0060,STR006,Credit Card,Delivered,500,7005.78,45926.78
ORD00144,2024-09-06,CUST0069,STR015,Credit Card,Cancelled,0,5762.16,37774.16
ORD00145,2025-07-19,CUST0025,STR004,UPI,Delivered,100,5178.78,33949.78
ORD00146,2023-05-03,CUST0094,STR007,UPI,Cancelled,200,6480.00,42480.00
ORD00147,2026-01-12,CUST0097,STR028,UPI,Delivered,50,2272.14,14895.14
ORD00148,2024-03-27,CUST0099,STR025,UPI,Delivered,0,763.74,5006.74
ORD00149,2024-02-16,CUST0005,STR007,UPI,Delivered,50,2482.74,16275.74
ORD00150,2025-11-24,CUST0097,STR001,UPI,Delivered,1500,3941.64,25839.64
ORD00151,2025-01-21,CUST0045,STR030,Net Banking,Delivered,1000,79.02,518.02
ORD00152,2025-07-14,CUST0014,STR006,Credit Card,Delivered,1500,2302.38,15093.38
ORD00153,2025-03-30,CUST0037,STR025,Cash,Delivered,1000,2070.18,13571.18
ORD00154,2025-08-22,CUST0043,STR021,UPI,Delivered,200,7666.02,50255.02
ORD00155,2023-01-30,CUST0061,STR001,UPI,Delivered,0,3970.08,26026.08
ORD00156,2023-02-27,CUST0055,STR023,Net Banking,Delivered,50,86.58,567.58
ORD00157,2025-02-02,CUST0046,STR012,Credit Card,Delivered,1000,3647.70,23912.70
ORD00158,2024-06-27,CUST0050,STR006,Credit Card,Delivered,1500,3425.76,22457.76
ORD00159,2026-01-07,CUST0011,STR003,Debit Card,Delivered,1000,836.10,5481.10
ORD00160,2024-02-19,CUST0015,STR012,UPI,Delivered,1500,2389.32,15663.32
ORD00161,2024-05-17,CUST0007,STR027,UPI,Delivered,200,6649.92,43593.92
ORD00162,2023-12-10,CUST0084,STR001,Cash,Delivered,100,4483.62,29392.62
ORD00163,2025-10-16,CUST0095,STR026,UPI,Returned,1500,6616.80,43376.80
ORD00164,2023-02-16,CUST0085,STR002,UPI,Delivered,200,4188.42,27457.42
ORD00165,2023-10-24,CUST0008,STR005,UPI,Delivered,50,3098.70,20313.70
ORD00166,2024-10-07,CUST0031,STR002,UPI,Delivered,1500,1116.90,7321.90
ORD00167,2026-05-10,CUST0011,STR026,Credit Card,Delivered,1000,6853.68,44929.68
ORD00168,2024-01-30,CUST0041,STR016,UPI,Delivered,1500,7050.96,46222.96
ORD00169,2024-04-21,CUST0028,STR030,UPI,Delivered,200,3330.18,21831.18
ORD00170,2024-02-07,CUST0058,STR008,Cash,Delivered,1000,315.36,2067.36
ORD00171,2024-03-23,CUST0044,STR015,Debit Card,Delivered,1000,6405.66,41992.66
ORD00172,2023-03-20,CUST0023,STR002,Net Banking,Delivered,0,5213.34,34176.34
ORD00173,2023-05-25,CUST0012,STR006,UPI,Delivered,0,932.94,6115.94
ORD00174,2023-06-11,CUST0003,STR024,Cash,Delivered,1500,4165.56,27307.56
ORD00175,2025-02-06,CUST0023,STR015,UPI,Delivered,200,2137.68,14013.68
ORD00176,2024-02-06,CUST0066,STR015,UPI,Delivered,1000,1927.44,12635.44
ORD00177,2024-09-28,CUST0085,STR027,UPI,Delivered,1000,2426.94,15909.94
ORD00178,2024-02-15,CUST0006,STR017,Credit Card,Delivered,500,2740.86,17967.86
ORD00179,2025-08-14,CUST0015,STR009,Cash,Delivered,0,2547.36,16699.36
ORD00180,2023-03-11,CUST0021,STR016,Cash,Cancelled,50,2200.14,14423.14
ORD00181,2023-09-24,CUST0022,STR021,UPI,Delivered,0,3177.90,20832.90
ORD00182,2024-05-10,CUST0027,STR027,Credit Card,Returned,1000,86.76,568.76
ORD00183,2026-06-17,CUST0057,STR022,Credit Card,Delivered,100,6846.66,44883.66
ORD00184,2025-11-28,CUST0057,STR005,Credit Card,Delivered,500,5445.36,35697.36
ORD00185,2024-12-06,CUST0097,STR016,Debit Card,Cancelled,1500,6954.84,45592.84
ORD00186,2023-08-11,CUST0018,STR003,Cash,Delivered,500,1985.58,13016.58
ORD00187,2024-04-27,CUST0068,STR005,Credit Card,Delivered,100,7815.78,51236.78
ORD00188,2023-02-03,CUST0037,STR013,UPI,Delivered,0,7112.70,46627.70
ORD00189,2023-05-28,CUST0077,STR007,Debit Card,Delivered,50,4306.32,28230.32
ORD00190,2023-11-13,CUST0081,STR025,Credit Card,Delivered,50,5508.72,36112.72
ORD00191,2024-12-04,CUST0048,STR022,UPI,Delivered,50,3324.96,21796.96
ORD00192,2026-06-05,CUST0065,STR019,UPI,Cancelled,50,6796.08,44552.08
ORD00193,2025-09-01,CUST0036,STR021,UPI,Returned,50,2086.02,13675.02
ORD00194,2026-06-28,CUST0039,STR025,UPI,Delivered,1500,0.00,0.00
ORD00195,2025-01-16,CUST0002,STR025,Net Banking,Cancelled,500,7299.18,47850.18
ORD00196,2024-07-11,CUST0072,STR003,UPI,Cancelled,500,6723.00,44073.00
ORD00197,2024-01-08,CUST0069,STR012,UPI,Cancelled,0,6091.38,39932.38
ORD00198,2025-09-13,CUST0014,STR020,Cash,Delivered,200,5983.20,39223.20
ORD00199,2026-04-11,CUST0067,STR024,Credit Card,Delivered,200,1006.92,6600.92
ORD00200,2026-03-30,CUST0076,STR020,UPI,Delivered,1000,1086.66,7123.66
ORD00201,2023-02-20,CUST0083,STR004,Debit Card,Delivered,500,3319.38,21760.38
ORD00202,2024-03-03,CUST0030,STR019,Credit Card,Delivered,200,2594.70,17009.70
ORD00203,2025-08-04,CUST0033,STR030,Cash,Delivered,500,2398.32,15722.32
ORD00204,2023-06-27,CUST0011,STR013,UPI,Delivered,50,7400.52,48514.52
ORD00205,2024-03-04,CUST0073,STR014,Cash,Cancelled,0,1037.88,6803.88
ORD00206,2024-11-09,CUST0063,STR005,UPI,Delivered,0,975.42,6394.42
ORD00207,2025-03-28,CUST0032,STR017,UPI,Delivered,1500,6391.08,41897.08
ORD00208,2024-11-07,CUST0076,STR014,Cash,Delivered,200,2032.92,13326.92
ORD00209,2023-10-06,CUST0096,STR008,UPI,Delivered,100,3016.08,19772.08
ORD00210,2025-02-16,CUST0045,STR003,Credit Card,Delivered,500,5753.16,37715.16
ORD00211,2025-12-29,CUST0003,STR015,Debit Card,Delivered,1000,547.74,3590.74
ORD00212,2024-03-23,CUST0012,STR015,Credit Card,Delivered,0,5714.82,37463.82
ORD00213,2024-01-20,CUST0029,STR003,UPI,Delivered,50,2066.76,13548.76
ORD00214,2024-04-04,CUST0041,STR013,Debit Card,Returned,100,7802.46,51149.46
ORD00215,2023-05-11,CUST0075,STR025,Credit Card,Delivered,200,2352.78,15423.78
ORD00216,2026-02-12,CUST0052,STR029,Cash,Delivered,100,155.34,1018.34
ORD00217,2026-01-04,CUST0042,STR007,UPI,Delivered,100,5610.60,36780.60
ORD00218,2025-07-30,CUST0048,STR020,Debit Card,Returned,1000,7847.64,51445.64
ORD00219,2023-11-19,CUST0004,STR003,Cash,Returned,0,6102.72,40006.72
ORD00220,2025-12-06,CUST0096,STR011,Credit Card,Delivered,1500,210.42,1379.42
ORD00221,2023-04-03,CUST0061,STR006,UPI,Delivered,200,7494.12,49128.12
ORD00222,2024-11-03,CUST0005,STR007,Debit Card,Delivered,500,6679.62,43788.62
ORD00223,2026-04-24,CUST0094,STR013,UPI,Delivered,200,1047.60,6867.60
ORD00224,2025-12-21,CUST0020,STR007,UPI,Cancelled,0,3949.38,25890.38
ORD00225,2025-08-26,CUST0065,STR004,Credit Card,Delivered,50,7402.32,48526.32
ORD00226,2023-04-30,CUST0097,STR017,UPI,Delivered,100,2700.54,17703.54
ORD00227,2023-10-07,CUST0082,STR005,UPI,Delivered,1500,5318.64,34866.64
ORD00228,2024-02-11,CUST0049,STR015,Credit Card,Returned,500,1099.44,7207.44
ORD00229,2025-10-20,CUST0082,STR030,Debit Card,Delivered,50,4409.64,28907.64
ORD00230,2023-09-20,CUST0041,STR001,UPI,Delivered,500,5057.10,33152.10
ORD00231,2023-01-18,CUST0044,STR017,UPI,Cancelled,1000,4346.82,28495.82
ORD00232,2025-01-30,CUST0030,STR025,Debit Card,Delivered,500,1899.90,12454.90
ORD00233,2023-10-17,CUST0098,STR004,Cash,Delivered,0,4783.68,31359.68
ORD00234,2024-10-31,CUST0089,STR030,UPI,Delivered,50,963.90,6318.90
ORD00235,2023-04-21,CUST0037,STR004,Credit Card,Delivered,500,5119.20,33559.20
ORD00236,2023-08-05,CUST0039,STR017,UPI,Returned,50,2674.44,17532.44
ORD00237,2023-10-06,CUST0047,STR022,UPI,Returned,1500,2838.60,18608.60
ORD00238,2025-05-30,CUST0010,STR007,Cash,Returned,1000,5662.08,37118.08
ORD00239,2024-01-18,CUST0045,STR021,Debit Card,Delivered,1500,5506.38,36097.38
ORD00240,2023-09-06,CUST0077,STR001,UPI,Delivered,100,2734.38,17925.38
ORD00241,2025-11-13,CUST0058,STR017,UPI,Delivered,1000,4399.74,28842.74
ORD00242,2025-07-01,CUST0023,STR007,Credit Card,Delivered,1500,5081.40,33311.40
ORD00243,2023-09-09,CUST0001,STR019,UPI,Delivered,100,2868.30,18803.30
ORD00244,2024-09-15,CUST0093,STR003,Net Banking,Delivered,100,868.32,5692.32
ORD00245,2026-03-16,CUST0044,STR019,Cash,Delivered,50,5116.32,33540.32
ORD00246,2024-03-05,CUST0007,STR019,UPI,Cancelled,0,3880.62,25439.62
ORD00247,2025-06-01,CUST0058,STR009,Debit Card,Delivered,1500,2422.08,15878.08
ORD00248,2025-05-10,CUST0032,STR024,Cash,Delivered,50,7916.94,51899.94
ORD00249,2023-08-08,CUST0044,STR002,UPI,Delivered,1000,7057.44,46265.44
ORD00250,2026-05-25,CUST0007,STR030,Cash,Delivered,500,2602.80,17062.80
ORD00251,2026-03-03,CUST0012,STR027,Credit Card,Returned,200,4137.30,27122.30
ORD00252,2026-04-04,CUST0053,STR005,UPI,Delivered,200,3656.16,23968.16
ORD00253,2025-07-24,CUST0099,STR026,UPI,Delivered,500,7064.64,46312.64
ORD00254,2025-12-01,CUST0029,STR024,Credit Card,Delivered,100,1676.88,10992.88
ORD00255,2024-03-17,CUST0075,STR024,Net Banking,Delivered,100,7864.92,51558.92
ORD00256,2025-06-19,CUST0067,STR010,UPI,Delivered,100,2431.98,15942.98
ORD00257,2023-12-23,CUST0037,STR004,UPI,Delivered,1000,4924.62,32283.62
ORD00258,2026-04-12,CUST0025,STR025,UPI,Cancelled,200,1462.14,9585.14
ORD00259,2023-12-27,CUST0051,STR004,Net Banking,Delivered,0,2785.32,18259.32
ORD00260,2023-02-26,CUST0072,STR016,Credit Card,Delivered,50,7204.14,47227.14
ORD00261,2023-03-12,CUST0014,STR002,UPI,Delivered,100,7032.60,46102.60
ORD00262,2024-05-09,CUST0088,STR009,Debit Card,Delivered,0,4695.12,30779.12
ORD00263,2023-07-19,CUST0016,STR015,UPI,Returned,50,6583.68,43159.68
ORD00264,2023-01-12,CUST0019,STR018,Credit Card,Returned,1000,2418.30,15853.30
ORD00265,2024-12-07,CUST0020,STR010,UPI,Cancelled,100,340.02,2229.02
ORD00266,2024-11-24,CUST0034,STR004,UPI,Delivered,100,7537.50,49412.50
ORD00267,2025-04-10,CUST0081,STR007,UPI,Delivered,0,6331.50,41506.50
ORD00268,2026-03-19,CUST0052,STR021,UPI,Delivered,1500,5671.80,37181.80
ORD00269,2026-02-17,CUST0014,STR027,UPI,Delivered,200,5129.28,33625.28
ORD00270,2024-12-14,CUST0009,STR013,UPI,Delivered,200,3801.42,24920.42
ORD00271,2026-06-02,CUST0098,STR030,Cash,Delivered,100,5730.84,37568.84
ORD00272,2023-08-30,CUST0016,STR019,Debit Card,Delivered,50,3520.08,23076.08
ORD00273,2025-06-28,CUST0069,STR013,UPI,Delivered,0,3701.34,24264.34
ORD00274,2023-01-01,CUST0009,STR019,UPI,Delivered,500,3615.30,23700.30
ORD00275,2024-10-31,CUST0085,STR013,UPI,Delivered,1500,4970.70,32585.70
ORD00276,2023-09-13,CUST0055,STR015,UPI,Delivered,1500,493.02,3232.02
ORD00277,2025-09-18,CUST0001,STR029,UPI,Returned,200,591.66,3878.66
ORD00278,2023-12-25,CUST0005,STR013,Credit Card,Delivered,1000,2541.42,16660.42
ORD00279,2024-12-29,CUST0085,STR017,Debit Card,Returned,500,1388.88,9104.88
ORD00280,2024-06-07,CUST0091,STR001,UPI,Returned,100,1665.54,10918.54
ORD00281,2026-05-24,CUST0089,STR001,UPI,Delivered,50,6491.70,42556.70
ORD00282,2025-07-23,CUST0013,STR004,UPI,Delivered,1000,1859.04,12187.04
ORD00283,2023-06-07,CUST0100,STR029,Debit Card,Delivered,1000,2111.22,13840.22
ORD00284,2024-12-16,CUST0042,STR001,UPI,Delivered,1500,4370.76,28652.76
ORD00285,2023-04-27,CUST0008,STR026,Credit Card,Cancelled,1500,1139.40,7469.40
ORD00286,2025-12-21,CUST0080,STR011,Credit Card,Delivered,50,523.98,3434.98
ORD00287,2025-02-06,CUST0039,STR010,UPI,Delivered,50,1236.78,8107.78
ORD00288,2025-02-07,CUST0091,STR009,Net Banking,Delivered,100,2369.16,15531.16
ORD00289,2025-09-19,CUST0096,STR024,Credit Card,Delivered,50,6636.42,43505.42
ORD00290,2025-04-28,CUST0039,STR023,UPI,Delivered,50,8032.50,52657.50
ORD00291,2026-01-02,CUST0049,STR013,UPI,Delivered,200,3475.62,22784.62
ORD00292,2025-12-16,CUST0053,STR017,Credit Card,Delivered,200,4148.28,27194.28
ORD00293,2023-01-12,CUST0014,STR010,UPI,Cancelled,500,2776.86,18203.86
ORD00294,2025-03-17,CUST0078,STR020,Credit Card,Delivered,0,4998.24,32766.24
ORD00295,2025-10-30,CUST0068,STR026,UPI,Delivered,0,535.32,3509.32
ORD00296,2024-01-09,CUST0005,STR017,UPI,Delivered,100,2469.60,16189.60
ORD00297,2025-04-15,CUST0025,STR015,UPI,Cancelled,200,2181.24,14299.24
ORD00298,2023-07-13,CUST0091,STR030,UPI,Delivered,200,7595.28,49791.28
ORD00299,2025-01-17,CUST0065,STR014,Debit Card,Delivered,1500,1563.84,10251.84
ORD00300,2023-10-02,CUST0003,STR023,UPI,Delivered,0,3071.34,20134.34
ORD00301,2026-04-12,CUST0031,STR022,UPI,Delivered,500,219.24,1437.24
ORD00302,2024-05-04,CUST0051,STR008,Debit Card,Delivered,500,2321.82,15220.82
ORD00303,2025-08-09,CUST0019,STR004,UPI,Delivered,0,5247.18,34398.18
ORD00304,2025-02-07,CUST0027,STR019,UPI,Delivered,1500,810.90,5315.90
ORD00305,2023-12-18,CUST0043,STR011,UPI,Delivered,50,4080.78,26751.78
ORD00306,2025-05-02,CUST0032,STR015,UPI,Delivered,0,6368.40,41748.40
ORD00307,2023-09-29,CUST0010,STR003,Debit Card,Delivered,1000,3690.00,24190.00
ORD00308,2024-10-14,CUST0079,STR025,Credit Card,Returned,100,751.32,4925.32
ORD00309,2023-06-06,CUST0020,STR017,UPI,Delivered,200,3185.28,20881.28
ORD00310,2026-05-13,CUST0085,STR014,UPI,Delivered,1500,5335.20,34975.20
ORD00311,2026-03-15,CUST0025,STR010,Debit Card,Delivered,1500,3193.56,20935.56
ORD00312,2023-06-01,CUST0007,STR026,UPI,Cancelled,1500,5049.00,33099.00
ORD00313,2026-03-23,CUST0094,STR019,Net Banking,Delivered,1000,70.56,462.56
ORD00314,2025-02-28,CUST0050,STR001,UPI,Returned,1000,4284.72,28088.72
ORD00315,2023-03-28,CUST0098,STR014,Credit Card,Delivered,0,3963.78,25984.78
ORD00316,2024-01-16,CUST0040,STR029,UPI,Returned,50,4662.00,30562.00
ORD00317,2024-02-11,CUST0053,STR021,Credit Card,Delivered,1500,4945.68,32421.68
ORD00318,2023-12-16,CUST0069,STR012,UPI,Delivered,50,470.52,3084.52
ORD00319,2023-03-10,CUST0085,STR024,Credit Card,Cancelled,200,2840.40,18620.40
ORD00320,2023-08-15,CUST0040,STR003,UPI,Delivered,50,3141.00,20591.00
ORD00321,2024-07-03,CUST0080,STR009,Credit Card,Delivered,1500,6989.94,45822.94
ORD00322,2024-09-05,CUST0028,STR013,Credit Card,Returned,0,7864.38,51555.38
ORD00323,2024-12-10,CUST0063,STR006,UPI,Delivered,500,66.24,434.24
ORD00324,2024-01-11,CUST0076,STR022,Net Banking,Delivered,0,6510.78,42681.78
ORD00325,2023-04-18,CUST0013,STR029,UPI,Cancelled,1000,1861.92,12205.92
ORD00326,2024-03-21,CUST0038,STR023,UPI,Delivered,100,1169.46,7666.46
ORD00327,2025-07-11,CUST0074,STR024,UPI,Cancelled,1500,394.20,2584.20
ORD00328,2025-12-14,CUST0019,STR003,UPI,Delivered,50,7943.40,52073.40
ORD00329,2023-07-10,CUST0054,STR001,Credit Card,Delivered,0,4621.68,30297.68
ORD00330,2025-09-09,CUST0011,STR010,UPI,Delivered,1500,1005.12,6589.12
ORD00331,2025-09-22,CUST0031,STR027,Debit Card,Cancelled,50,2262.06,14829.06
ORD00332,2026-01-22,CUST0002,STR010,Credit Card,Returned,200,7514.82,49263.82
ORD00333,2026-06-24,CUST0061,STR017,Debit Card,Delivered,0,7614.72,49918.72
ORD00334,2026-03-09,CUST0045,STR018,UPI,Cancelled,100,2355.12,15439.12
ORD00335,2025-04-30,CUST0056,STR028,Debit Card,Delivered,500,7.92,51.92
ORD00336,2025-01-28,CUST0012,STR011,Cash,Delivered,100,6209.46,40706.46
ORD00337,2026-01-04,CUST0047,STR025,UPI,Delivered,0,7904.34,51817.34
ORD00338,2023-11-17,CUST0029,STR002,Debit Card,Delivered,100,8006.04,52484.04
ORD00339,2024-04-25,CUST0072,STR030,Credit Card,Delivered,50,7653.06,50170.06
ORD00340,2025-03-23,CUST0061,STR010,Credit Card,Delivered,1500,5619.78,36840.78
ORD00341,2024-06-14,CUST0054,STR015,Credit Card,Delivered,500,2975.04,19503.04
ORD00342,2024-03-13,CUST0029,STR009,Cash,Delivered,200,588.42,3857.42
ORD00343,2024-07-11,CUST0052,STR028,Net Banking,Delivered,200,1508.40,9888.40
ORD00344,2024-04-17,CUST0054,STR018,UPI,Delivered,100,3039.30,19924.30
ORD00345,2025-04-09,CUST0056,STR030,UPI,Returned,50,4257.18,27908.18
ORD00346,2024-02-02,CUST0019,STR027,Debit Card,Returned,500,4441.86,29118.86
ORD00347,2025-08-15,CUST0080,STR017,Debit Card,Delivered,1500,1165.32,7639.32
ORD00348,2023-12-21,CUST0072,STR015,UPI,Delivered,500,4805.10,31500.10
ORD00349,2025-04-11,CUST0083,STR026,Debit Card,Delivered,500,6149.16,40311.16
ORD00350,2025-09-23,CUST0016,STR019,UPI,Delivered,1500,6310.44,41368.44
ORD00351,2023-10-23,CUST0042,STR030,UPI,Delivered,1000,139.68,915.68
ORD00352,2024-03-08,CUST0092,STR005,UPI,Returned,100,4129.20,27069.20
ORD00353,2025-06-26,CUST0074,STR029,Credit Card,Delivered,200,888.66,5825.66
ORD00354,2025-04-11,CUST0041,STR010,UPI,Delivered,0,2709.18,17760.18
ORD00355,2024-07-09,CUST0041,STR007,UPI,Delivered,500,5811.12,38095.12
ORD00356,2025-01-26,CUST0023,STR029,UPI,Cancelled,50,6604.74,43297.74
ORD00357,2023-08-22,CUST0050,STR013,Cash,Delivered,200,1049.40,6879.40
ORD00358,2023-06-07,CUST0019,STR015,Credit Card,Delivered,1000,3208.50,21033.50
ORD00359,2025-11-26,CUST0069,STR026,Cash,Returned,100,5165.82,33864.82
ORD00360,2025-05-21,CUST0026,STR004,UPI,Cancelled,1500,6482.16,42494.16
ORD00361,2023-08-20,CUST0029,STR017,Credit Card,Delivered,1000,5461.38,35802.38
ORD00362,2023-12-18,CUST0038,STR008,Cash,Cancelled,200,5712.66,37449.66
ORD00363,2024-10-14,CUST0005,STR009,UPI,Delivered,1000,1114.92,7308.92
ORD00364,2023-11-25,CUST0050,STR026,UPI,Delivered,1000,4672.26,30629.26
ORD00365,2026-01-24,CUST0034,STR030,Credit Card,Delivered,0,5610.06,36777.06
ORD00366,2023-10-17,CUST0021,STR004,Credit Card,Delivered,1000,2992.14,19615.14
ORD00367,2024-09-12,CUST0093,STR020,UPI,Delivered,100,3189.06,20906.06
ORD00368,2025-07-20,CUST0020,STR021,Credit Card,Returned,50,6790.50,44515.50
ORD00369,2024-07-07,CUST0073,STR014,Debit Card,Delivered,200,7876.44,51634.44
ORD00370,2025-12-31,CUST0014,STR022,UPI,Delivered,500,6144.66,40281.66
ORD00371,2024-08-23,CUST0071,STR008,Credit Card,Delivered,1000,5702.40,37382.40
ORD00372,2024-02-10,CUST0098,STR024,UPI,Delivered,1500,0.00,0.00
ORD00373,2023-02-15,CUST0014,STR015,Cash,Delivered,200,7191.72,47145.72
ORD00374,2023-05-20,CUST0009,STR003,UPI,Delivered,500,7218.72,47322.72
ORD00375,2024-07-29,CUST0035,STR029,Credit Card,Delivered,200,3949.74,25892.74
ORD00376,2026-01-27,CUST0033,STR022,Credit Card,Delivered,0,528.12,3462.12
ORD00377,2023-04-18,CUST0072,STR010,Debit Card,Delivered,1000,930.60,6100.60
ORD00378,2025-08-17,CUST0081,STR019,Cash,Delivered,1000,2274.12,14908.12
ORD00379,2023-01-20,CUST0070,STR023,Debit Card,Delivered,1000,2505.60,16425.60
ORD00380,2025-05-06,CUST0069,STR004,Credit Card,Delivered,100,4257.36,27909.36
ORD00381,2025-09-02,CUST0015,STR025,Debit Card,Cancelled,1500,1495.62,9804.62
ORD00382,2023-07-04,CUST0047,STR003,Cash,Delivered,100,7513.02,49252.02
ORD00383,2025-12-26,CUST0037,STR012,Net Banking,Delivered,200,2394.54,15697.54
ORD00384,2023-03-27,CUST0052,STR010,UPI,Delivered,50,7504.92,49198.92
ORD00385,2024-01-07,CUST0097,STR001,UPI,Delivered,100,970.38,6361.38
ORD00386,2025-03-25,CUST0064,STR023,Debit Card,Delivered,1000,7585.92,49729.92
ORD00387,2023-07-16,CUST0090,STR003,Debit Card,Delivered,50,4283.28,28079.28
ORD00388,2024-12-27,CUST0026,STR004,Credit Card,Delivered,1500,4060.98,26621.98
ORD00389,2024-08-31,CUST0092,STR006,Debit Card,Delivered,500,6621.48,43407.48
ORD00390,2023-10-09,CUST0092,STR014,Credit Card,Cancelled,1000,467.28,3063.28
ORD00391,2024-02-22,CUST0054,STR026,UPI,Cancelled,50,3717.18,24368.18
ORD00392,2024-06-02,CUST0007,STR008,UPI,Delivered,200,1105.74,7248.74
ORD00393,2023-12-17,CUST0005,STR004,Cash,Delivered,0,6646.50,43571.50
ORD00394,2025-06-18,CUST0001,STR003,UPI,Delivered,0,6822.54,44725.54
ORD00395,2025-04-01,CUST0085,STR002,Credit Card,Delivered,50,3128.94,20511.94
ORD00396,2023-02-12,CUST0013,STR025,UPI,Delivered,500,7488.54,49091.54
ORD00397,2023-10-05,CUST0009,STR015,Net Banking,Returned,50,4950.54,32453.54
ORD00398,2024-10-08,CUST0086,STR027,UPI,Cancelled,50,5391.90,35346.90
ORD00399,2023-05-10,CUST0061,STR030,Debit Card,Delivered,1000,537.12,3521.12
ORD00400,2023-03-25,CUST0097,STR010,Cash,Delivered,500,4073.22,26702.22
ORD00401,2024-03-29,CUST0009,STR009,Credit Card,Delivered,1000,1958.22,12837.22
ORD00402,2025-01-13,CUST0072,STR028,UPI,Delivered,50,626.76,4108.76
ORD00403,2025-08-06,CUST0089,STR018,Debit Card,Delivered,0,7842.24,51410.24
ORD00404,2023-02-21,CUST0010,STR024,Debit Card,Delivered,200,7858.98,51519.98
ORD00405,2026-03-27,CUST0009,STR010,Credit Card,Delivered,1000,1937.88,12703.88
ORD00406,2025-12-06,CUST0076,STR025,UPI,Delivered,50,5387.94,35320.94
ORD00407,2025-06-22,CUST0031,STR010,UPI,Delivered,0,7834.86,51361.86
ORD00408,2024-06-24,CUST0085,STR022,Debit Card,Cancelled,1500,4705.20,30845.20
ORD00409,2025-10-30,CUST0042,STR023,UPI,Delivered,200,833.22,5462.22
ORD00410,2023-09-29,CUST0063,STR019,UPI,Cancelled,1500,4986.54,32689.54
ORD00411,2025-03-10,CUST0061,STR007,UPI,Cancelled,50,1558.80,10218.80
ORD00412,2024-05-12,CUST0081,STR012,Credit Card,Delivered,200,2952.72,19356.72
ORD00413,2025-08-24,CUST0069,STR007,UPI,Delivered,100,2309.22,15138.22
ORD00414,2026-01-26,CUST0015,STR029,Credit Card,Delivered,500,4441.86,29118.86
ORD00415,2025-04-25,CUST0002,STR030,Debit Card,Delivered,1000,5850.54,38353.54
ORD00416,2024-11-14,CUST0013,STR017,UPI,Delivered,0,4979.16,32641.16
ORD00417,2026-04-28,CUST0087,STR011,Credit Card,Returned,100,310.86,2037.86
ORD00418,2025-11-29,CUST0083,STR015,UPI,Delivered,100,3508.56,23000.56
ORD00419,2023-05-18,CUST0052,STR001,Debit Card,Delivered,1000,1370.16,8982.16
ORD00420,2026-06-13,CUST0099,STR019,UPI,Delivered,1000,6247.62,40956.62
ORD00421,2025-03-01,CUST0001,STR029,Debit Card,Delivered,50,5186.16,33998.16
ORD00422,2023-01-19,CUST0083,STR012,UPI,Returned,200,7710.30,50545.30
ORD00423,2025-05-09,CUST0002,STR001,Net Banking,Delivered,50,2584.08,16940.08
ORD00424,2023-06-13,CUST0042,STR011,UPI,Delivered,1000,5775.48,37861.48
ORD00425,2026-01-20,CUST0035,STR007,Net Banking,Cancelled,200,6546.96,42918.96
ORD00426,2023-12-16,CUST0062,STR027,Credit Card,Delivered,1000,2260.62,14819.62
ORD00427,2026-03-23,CUST0066,STR020,UPI,Delivered,200,5203.80,34113.80
ORD00428,2024-11-03,CUST0068,STR001,Debit Card,Returned,200,5409.72,35463.72
ORD00429,2023-08-18,CUST0006,STR023,Credit Card,Delivered,1000,5714.46,37461.46
ORD00430,2024-04-23,CUST0088,STR024,UPI,Delivered,1500,6561.18,43012.18
ORD00431,2023-09-08,CUST0033,STR008,Cash,Returned,100,1898.46,12445.46
ORD00432,2024-03-18,CUST0044,STR013,UPI,Delivered,100,3686.22,24165.22
ORD00433,2024-05-21,CUST0062,STR026,Net Banking,Delivered,0,3405.78,22326.78
ORD00434,2025-07-02,CUST0064,STR027,UPI,Delivered,50,7703.46,50500.46
ORD00435,2023-05-15,CUST0099,STR024,UPI,Delivered,1000,371.34,2434.34
ORD00436,2025-03-06,CUST0077,STR014,UPI,Delivered,1000,3318.12,21752.12
ORD00437,2024-09-12,CUST0075,STR015,UPI,Delivered,0,1482.84,9720.84
ORD00438,2023-08-29,CUST0032,STR008,Debit Card,Delivered,1500,4605.30,30190.30
ORD00439,2025-09-26,CUST0056,STR013,Credit Card,Delivered,200,5978.16,39190.16
ORD00440,2025-09-05,CUST0031,STR005,Debit Card,Returned,500,0.00,0.00
ORD00441,2025-04-14,CUST0017,STR006,Credit Card,Delivered,50,7214.22,47293.22
ORD00442,2026-01-05,CUST0099,STR018,Credit Card,Delivered,500,4953.60,32473.60
ORD00443,2023-04-17,CUST0002,STR030,UPI,Delivered,50,7112.52,46626.52
ORD00444,2025-06-15,CUST0100,STR014,UPI,Delivered,100,5040.36,33042.36
ORD00445,2023-07-07,CUST0068,STR003,Cash,Delivered,1500,4832.82,31681.82
ORD00446,2023-11-16,CUST0077,STR025,UPI,Delivered,1500,2954.52,19368.52
ORD00447,2023-08-10,CUST0092,STR004,UPI,Delivered,0,6501.42,42620.42
ORD00448,2024-01-18,CUST0089,STR009,UPI,Returned,500,4688.46,30735.46
ORD00449,2025-10-13,CUST0073,STR005,Credit Card,Delivered,50,1418.04,9296.04
ORD00450,2025-11-23,CUST0067,STR020,Credit Card,Delivered,500,3375.36,22127.36
ORD00451,2023-02-08,CUST0060,STR015,Cash,Delivered,100,2490.84,16328.84
ORD00452,2023-04-04,CUST0049,STR018,UPI,Delivered,500,2792.52,18306.52
ORD00453,2024-11-11,CUST0100,STR022,Credit Card,Returned,100,6050.34,39663.34
ORD00454,2024-02-24,CUST0023,STR004,UPI,Delivered,100,59.94,392.94
ORD00455,2026-05-22,CUST0051,STR019,UPI,Returned,0,1488.96,9760.96
ORD00456,2026-06-13,CUST0066,STR005,Credit Card,Delivered,1000,3813.12,24997.12
ORD00457,2023-10-25,CUST0018,STR017,UPI,Returned,200,3232.80,21192.80
ORD00458,2023-07-13,CUST0050,STR021,Cash,Delivered,1000,5886.54,38589.54
ORD00459,2023-11-17,CUST0058,STR023,Net Banking,Delivered,0,3396.96,22268.96
ORD00460,2025-11-10,CUST0060,STR030,Net Banking,Delivered,50,3545.28,23241.28
ORD00461,2025-06-30,CUST0044,STR001,Credit Card,Delivered,1500,1793.88,11759.88
ORD00462,2023-03-19,CUST0099,STR023,Debit Card,Cancelled,0,6753.96,44275.96
ORD00463,2024-02-10,CUST0092,STR010,Debit Card,Delivered,1500,3395.52,22259.52
ORD00464,2024-10-15,CUST0016,STR009,UPI,Delivered,500,7530.12,49364.12
ORD00465,2025-10-26,CUST0044,STR027,UPI,Delivered,500,7043.04,46171.04
ORD00466,2025-09-16,CUST0055,STR009,UPI,Delivered,100,7045.02,46184.02
ORD00467,2026-04-18,CUST0022,STR019,Debit Card,Delivered,1000,3302.28,21648.28
ORD00468,2024-11-09,CUST0051,STR018,Cash,Delivered,0,8047.62,52756.62
ORD00469,2026-03-29,CUST0047,STR012,Credit Card,Delivered,1000,4806.72,31510.72
ORD00470,2025-11-14,CUST0021,STR019,UPI,Delivered,0,3288.96,21560.96
ORD00471,2025-04-20,CUST0067,STR026,Cash,Delivered,1500,5807.70,38072.70
ORD00472,2024-11-11,CUST0053,STR026,Debit Card,Delivered,500,5147.28,33743.28
ORD00473,2025-01-23,CUST0041,STR014,Cash,Delivered,0,5295.60,34715.60
ORD00474,2023-07-11,CUST0078,STR002,UPI,Returned,50,5365.98,35176.98
ORD00475,2024-09-17,CUST0091,STR023,Credit Card,Delivered,50,876.42,5745.42
ORD00476,2024-05-12,CUST0029,STR002,Credit Card,Delivered,200,4320.54,28323.54
ORD00477,2025-01-06,CUST0057,STR024,UPI,Cancelled,1000,4718.16,30930.16
ORD00478,2024-06-18,CUST0045,STR016,Cash,Returned,1000,6151.32,40325.32
ORD00479,2025-04-06,CUST0030,STR017,Credit Card,Cancelled,1000,1767.60,11587.60
ORD00480,2025-08-15,CUST0056,STR012,UPI,Returned,100,7763.04,50891.04
ORD00481,2025-09-10,CUST0030,STR028,Debit Card,Delivered,50,401.04,2629.04
ORD00482,2025-04-20,CUST0005,STR002,UPI,Delivered,200,5122.44,33580.44
ORD00483,2025-11-27,CUST0097,STR023,UPI,Cancelled,200,3050.10,19995.10
ORD00484,2023-02-13,CUST0051,STR030,Debit Card,Delivered,0,5787.36,37939.36
ORD00485,2023-10-04,CUST0068,STR011,Credit Card,Cancelled,500,3832.56,25124.56
ORD00486,2024-05-20,CUST0008,STR007,UPI,Delivered,100,6746.40,44226.40
ORD00487,2023-10-31,CUST0008,STR028,UPI,Delivered,0,1259.46,8256.46
ORD00488,2023-10-07,CUST0059,STR012,Debit Card,Delivered,100,1478.52,9692.52
ORD00489,2023-06-24,CUST0055,STR022,Net Banking,Delivered,0,1454.58,9535.58
ORD00490,2023-05-11,CUST0097,STR008,UPI,Delivered,500,4585.14,30058.14
ORD00491,2024-02-10,CUST0031,STR004,UPI,Delivered,1000,5250.96,34422.96
ORD00492,2023-06-08,CUST0014,STR019,UPI,Cancelled,100,2564.64,16812.64
ORD00493,2024-11-13,CUST0076,STR003,Credit Card,Delivered,500,6596.46,43243.46
ORD00494,2023-01-17,CUST0042,STR011,UPI,Delivered,200,5621.04,36849.04
ORD00495,2025-04-10,CUST0045,STR010,Debit Card,Cancelled,50,1358.64,8906.64
ORD00496,2026-03-11,CUST0035,STR018,UPI,Delivered,0,793.62,5202.62
ORD00497,2025-06-30,CUST0078,STR006,Debit Card,Delivered,1000,1837.26,12044.26
ORD00498,2026-01-21,CUST0092,STR012,Cash,Delivered,50,6100.92,39994.92
ORD00499,2023-08-05,CUST0034,STR014,Debit Card,Delivered,200,7941.06,52058.06
ORD00500,2025-01-29,CUST0080,STR002,Credit Card,Delivered,1000,1891.08,12397.08
ORD00501,2025-04-24,CUST0024,STR016,Debit Card,Returned,50,7218.54,47321.54
ORD00502,2023-10-25,CUST0064,STR002,Credit Card,Delivered,200,2252.34,14765.34
ORD00503,2024-07-05,CUST0086,STR029,Debit Card,Delivered,200,2559.24,16777.24
ORD00504,2026-06-15,CUST0072,STR027,UPI,Delivered,100,2792.88,18308.88
ORD00505,2025-03-28,CUST0019,STR026,Debit Card,Delivered,1000,539.46,3536.46
ORD00506,2025-01-14,CUST0018,STR011,Net Banking,Returned,1500,3145.68,20621.68
ORD00507,2023-12-27,CUST0080,STR015,Net Banking,Delivered,1500,4249.26,27856.26
ORD00508,2024-11-05,CUST0093,STR020,UPI,Delivered,0,3176.64,20824.64
ORD00509,2026-05-11,CUST0004,STR007,UPI,Delivered,500,3703.32,24277.32
ORD00510,2024-10-29,CUST0067,STR023,Debit Card,Returned,200,3002.22,19681.22
ORD00511,2023-08-06,CUST0045,STR004,UPI,Cancelled,100,3058.56,20050.56
ORD00512,2026-06-24,CUST0075,STR012,Cash,Delivered,1500,2823.12,18507.12
ORD00513,2024-09-27,CUST0067,STR028,Debit Card,Delivered,100,6897.06,45214.06
ORD00514,2025-09-26,CUST0092,STR008,Credit Card,Delivered,1000,3208.68,21034.68
ORD00515,2024-08-18,CUST0034,STR003,UPI,Delivered,200,423.54,2776.54
ORD00516,2024-12-30,CUST0073,STR015,UPI,Delivered,200,2143.62,14052.62
ORD00517,2023-03-12,CUST0075,STR007,UPI,Delivered,500,71.28,467.28
ORD00518,2025-06-01,CUST0045,STR002,Credit Card,Returned,100,1665.90,10920.90
ORD00519,2023-05-21,CUST0034,STR029,UPI,Delivered,50,5678.82,37227.82
ORD00520,2023-02-11,CUST0068,STR001,Credit Card,Delivered,0,1377.72,9031.72
ORD00521,2024-12-15,CUST0058,STR017,Debit Card,Delivered,200,5292.18,34693.18
ORD00522,2024-08-01,CUST0057,STR029,Debit Card,Delivered,500,5171.40,33901.40
ORD00523,2025-07-21,CUST0016,STR014,Debit Card,Delivered,1000,4432.14,29055.14
ORD00524,2024-06-18,CUST0096,STR017,Credit Card,Delivered,200,2224.80,14584.80
ORD00525,2023-01-29,CUST0049,STR009,UPI,Delivered,50,4347.90,28502.90
ORD00526,2023-12-29,CUST0095,STR026,Net Banking,Cancelled,500,2655.90,17410.90
ORD00527,2026-02-26,CUST0077,STR001,Credit Card,Returned,500,1379.52,9043.52
ORD00528,2024-02-06,CUST0029,STR026,Credit Card,Delivered,1500,7569.00,49619.00
ORD00529,2024-06-16,CUST0022,STR026,UPI,Delivered,1000,1639.80,10749.80
ORD00530,2023-01-30,CUST0022,STR020,Credit Card,Returned,1500,4733.82,31032.82
ORD00531,2024-09-13,CUST0035,STR002,Credit Card,Delivered,200,1859.40,12189.40
ORD00532,2025-03-05,CUST0068,STR024,Net Banking,Delivered,1500,7579.62,49688.62
ORD00533,2026-06-13,CUST0078,STR008,Credit Card,Delivered,50,1707.66,11194.66
ORD00534,2025-09-13,CUST0036,STR029,Debit Card,Delivered,100,4336.92,28430.92
ORD00535,2024-06-05,CUST0022,STR025,UPI,Delivered,100,2737.26,17944.26
ORD00536,2024-05-13,CUST0027,STR002,Debit Card,Delivered,0,3954.24,25922.24
ORD00537,2025-10-26,CUST0043,STR027,Cash,Delivered,1000,5631.12,36915.12
ORD00538,2025-08-12,CUST0047,STR010,Cash,Delivered,100,7053.12,46237.12
ORD00539,2023-07-27,CUST0082,STR019,UPI,Returned,200,5477.94,35910.94
ORD00540,2025-10-11,CUST0062,STR026,Net Banking,Delivered,1000,5130.36,33632.36
ORD00541,2025-12-29,CUST0094,STR005,Credit Card,Delivered,0,2003.76,13135.76
ORD00542,2026-04-25,CUST0003,STR027,UPI,Delivered,100,4526.64,29674.64
ORD00543,2024-08-08,CUST0024,STR020,UPI,Delivered,1500,6991.20,45831.20
ORD00544,2025-07-06,CUST0086,STR021,Debit Card,Returned,50,280.62,1839.62
ORD00545,2026-01-04,CUST0052,STR016,Debit Card,Delivered,50,6902.28,45248.28
ORD00546,2024-11-12,CUST0036,STR029,UPI,Delivered,500,98.82,647.82
ORD00547,2023-11-04,CUST0081,STR017,Credit Card,Delivered,1500,3901.14,25574.14
ORD00548,2024-09-20,CUST0067,STR030,Net Banking,Returned,1500,4259.52,27923.52
ORD00549,2023-01-27,CUST0004,STR030,UPI,Delivered,0,3844.26,25201.26
ORD00550,2024-10-17,CUST0081,STR024,UPI,Delivered,50,2073.42,13592.42
ORD00551,2026-04-30,CUST0090,STR020,Credit Card,Delivered,200,3399.30,22284.30
ORD00552,2024-06-09,CUST0046,STR013,Credit Card,Delivered,100,893.88,5859.88
ORD00553,2025-07-07,CUST0070,STR001,UPI,Delivered,100,1250.28,8196.28
ORD00554,2025-04-08,CUST0008,STR008,UPI,Delivered,200,970.02,6359.02
ORD00555,2023-09-04,CUST0098,STR004,UPI,Delivered,50,919.26,6026.26
ORD00556,2025-05-13,CUST0093,STR012,Net Banking,Delivered,100,858.06,5625.06
ORD00557,2024-03-07,CUST0038,STR010,Credit Card,Delivered,200,4055.58,26586.58
ORD00558,2025-08-28,CUST0005,STR001,Cash,Delivered,50,7504.02,49193.02
ORD00559,2023-09-17,CUST0011,STR012,Credit Card,Delivered,500,4687.38,30728.38
ORD00560,2024-04-06,CUST0090,STR016,UPI,Delivered,200,541.08,3547.08
ORD00561,2024-09-14,CUST0020,STR028,UPI,Delivered,1500,7392.96,48464.96
ORD00562,2023-05-04,CUST0081,STR015,UPI,Delivered,500,7692.30,50427.30
ORD00563,2023-08-06,CUST0097,STR018,UPI,Delivered,100,6968.16,45680.16
ORD00564,2025-01-19,CUST0063,STR001,UPI,Delivered,1000,5758.38,37749.38
ORD00565,2025-08-12,CUST0040,STR016,Cash,Returned,1500,4404.96,28876.96
ORD00566,2023-06-19,CUST0021,STR015,Debit Card,Delivered,1500,7027.56,46069.56
ORD00567,2024-09-06,CUST0090,STR004,UPI,Cancelled,50,6875.82,45074.82
ORD00568,2024-05-19,CUST0086,STR013,Debit Card,Delivered,0,2890.44,18948.44
ORD00569,2023-01-16,CUST0047,STR009,Credit Card,Delivered,50,1453.50,9528.50
ORD00570,2023-10-20,CUST0038,STR013,Debit Card,Returned,100,4027.14,26400.14
ORD00571,2026-04-01,CUST0037,STR015,UPI,Delivered,100,4707.72,30861.72
ORD00572,2023-12-31,CUST0020,STR019,UPI,Delivered,200,261.72,1715.72
ORD00573,2026-02-05,CUST0048,STR029,UPI,Delivered,50,5213.16,34175.16
ORD00574,2024-01-09,CUST0002,STR002,UPI,Delivered,50,7098.48,46534.48
ORD00575,2025-02-11,CUST0011,STR006,UPI,Delivered,1500,1687.32,11061.32
ORD00576,2023-10-15,CUST0088,STR012,UPI,Returned,200,7523.28,49319.28
ORD00577,2023-10-11,CUST0046,STR027,Credit Card,Delivered,0,5365.62,35174.62
ORD00578,2026-04-25,CUST0065,STR017,Cash,Delivered,500,4215.60,27635.60
ORD00579,2024-03-22,CUST0031,STR010,UPI,Delivered,500,2894.04,18972.04
ORD00580,2024-08-31,CUST0033,STR022,Cash,Delivered,200,1906.74,12499.74
ORD00581,2024-11-16,CUST0088,STR030,UPI,Cancelled,50,5573.88,36539.88
ORD00582,2026-06-21,CUST0092,STR016,Debit Card,Delivered,200,395.82,2594.82
ORD00583,2023-10-14,CUST0027,STR009,Cash,Delivered,1000,358.38,2349.38
ORD00584,2024-04-07,CUST0015,STR009,Cash,Delivered,1000,7153.56,46895.56
ORD00585,2026-06-08,CUST0017,STR016,Debit Card,Delivered,0,1723.32,11297.32
ORD00586,2025-11-14,CUST0098,STR007,UPI,Returned,50,5176.98,33937.98
ORD00587,2026-05-29,CUST0062,STR018,Net Banking,Delivered,500,5805.90,38060.90
ORD00588,2024-06-04,CUST0081,STR024,UPI,Delivered,50,7156.26,46913.26
ORD00589,2024-06-06,CUST0067,STR014,Net Banking,Delivered,1500,3846.96,25218.96
ORD00590,2023-09-10,CUST0012,STR010,Net Banking,Delivered,200,518.76,3400.76
ORD00591,2024-03-02,CUST0005,STR006,Net Banking,Delivered,1500,5449.32,35723.32
ORD00592,2026-05-22,CUST0047,STR014,UPI,Delivered,0,2911.50,19086.50
ORD00593,2024-12-27,CUST0003,STR007,Credit Card,Delivered,0,4177.26,27384.26
ORD00594,2023-12-22,CUST0039,STR011,UPI,Delivered,1500,6293.52,41257.52
ORD00595,2024-09-05,CUST0010,STR029,UPI,Delivered,1500,5918.94,38801.94
ORD00596,2024-10-25,CUST0089,STR019,UPI,Delivered,50,5337.72,34991.72
ORD00597,2023-05-04,CUST0058,STR029,Credit Card,Delivered,200,6390.54,41893.54
ORD00598,2024-07-02,CUST0063,STR011,Credit Card,Returned,1000,3638.52,23852.52
ORD00599,2024-05-12,CUST0094,STR005,Cash,Delivered,200,5473.44,35881.44
ORD00600,2024-09-22,CUST0017,STR008,Debit Card,Delivered,200,3341.34,21904.34
ORD00601,2024-07-25,CUST0021,STR001,UPI,Delivered,100,8018.82,52567.82
ORD00602,2023-07-09,CUST0027,STR025,Credit Card,Delivered,500,1027.62,6736.62
ORD00603,2023-10-13,CUST0030,STR001,Debit Card,Returned,200,2714.94,17797.94
ORD00604,2023-05-29,CUST0016,STR013,Net Banking,Delivered,200,7136.46,46783.46
ORD00605,2025-12-26,CUST0045,STR025,Net Banking,Delivered,200,2343.06,15360.06
ORD00606,2025-01-26,CUST0004,STR006,UPI,Delivered,200,5575.68,36551.68
ORD00607,2025-09-23,CUST0072,STR019,UPI,Delivered,50,6988.86,45815.86
ORD00608,2025-10-10,CUST0087,STR021,Net Banking,Delivered,1500,4968.54,32571.54
ORD00609,2024-03-23,CUST0046,STR006,UPI,Returned,100,3020.58,19801.58
ORD00610,2024-04-24,CUST0067,STR019,Cash,Delivered,1000,4495.14,29468.14
ORD00611,2023-12-11,CUST0012,STR009,Credit Card,Delivered,50,3211.92,21055.92
ORD00612,2024-12-10,CUST0064,STR008,Credit Card,Delivered,50,2356.74,15449.74
ORD00613,2024-10-11,CUST0017,STR023,Debit Card,Cancelled,100,5091.48,33377.48
ORD00614,2026-01-21,CUST0029,STR010,UPI,Delivered,1000,4751.64,31149.64
ORD00615,2023-12-17,CUST0083,STR022,Cash,Delivered,100,1547.82,10146.82
ORD00616,2023-09-26,CUST0036,STR018,Cash,Delivered,100,4338.00,28438.00
ORD00617,2026-03-12,CUST0092,STR030,UPI,Delivered,500,4806.54,31509.54
ORD00618,2025-06-03,CUST0013,STR024,UPI,Delivered,1000,2370.24,15538.24
ORD00619,2024-10-08,CUST0083,STR023,UPI,Cancelled,1000,6595.38,43236.38
ORD00620,2023-08-05,CUST0044,STR008,UPI,Delivered,100,3086.64,20234.64
ORD00621,2024-03-08,CUST0063,STR006,UPI,Returned,50,6690.42,43859.42
ORD00622,2025-06-27,CUST0019,STR002,Net Banking,Delivered,500,3300.48,21636.48
ORD00623,2023-09-20,CUST0026,STR030,Credit Card,Delivered,50,1856.34,12169.34
ORD00624,2024-06-08,CUST0010,STR021,Credit Card,Delivered,0,5145.84,33733.84
ORD00625,2025-07-12,CUST0059,STR021,Credit Card,Delivered,1500,2877.84,18865.84
ORD00626,2025-07-18,CUST0013,STR009,Net Banking,Delivered,100,1221.66,8008.66
ORD00627,2026-03-26,CUST0064,STR001,UPI,Delivered,100,6226.92,40820.92
ORD00628,2023-11-19,CUST0090,STR005,UPI,Delivered,100,1419.66,9306.66
ORD00629,2024-10-13,CUST0024,STR018,UPI,Delivered,100,1374.12,9008.12
ORD00630,2024-09-12,CUST0099,STR006,UPI,Delivered,1000,7357.50,48232.50
ORD00631,2025-05-16,CUST0026,STR009,UPI,Cancelled,0,3997.80,26207.80
ORD00632,2025-01-08,CUST0041,STR012,UPI,Delivered,200,7404.12,48538.12
ORD00633,2024-06-15,CUST0007,STR004,UPI,Delivered,0,5892.12,38626.12
ORD00634,2024-04-29,CUST0018,STR017,UPI,Delivered,100,6622.56,43414.56
ORD00635,2024-02-02,CUST0067,STR021,UPI,Delivered,1500,6245.46,40942.46
ORD00636,2025-11-15,CUST0073,STR016,UPI,Delivered,50,5362.74,35155.74
ORD00637,2025-01-20,CUST0042,STR017,UPI,Delivered,200,43.02,282.02
ORD00638,2026-02-07,CUST0042,STR013,Debit Card,Returned,1000,6193.08,40599.08
ORD00639,2023-05-08,CUST0090,STR001,UPI,Delivered,1000,3284.10,21529.10
ORD00640,2024-08-14,CUST0015,STR005,UPI,Delivered,200,4268.34,27981.34
ORD00641,2024-04-08,CUST0068,STR011,Debit Card,Delivered,0,2949.12,19333.12
ORD00642,2024-07-28,CUST0086,STR019,UPI,Delivered,500,2070.00,13570.00
ORD00643,2025-03-29,CUST0057,STR022,Net Banking,Returned,500,1965.42,12884.42
ORD00644,2026-04-19,CUST0022,STR005,Credit Card,Delivered,50,6757.02,44296.02
ORD00645,2023-04-21,CUST0027,STR009,Debit Card,Delivered,1500,5789.16,37951.16
ORD00646,2024-09-15,CUST0100,STR025,Debit Card,Returned,0,3731.40,24461.40
ORD00647,2025-06-17,CUST0089,STR023,UPI,Delivered,1500,3560.22,23339.22
ORD00648,2026-06-05,CUST0091,STR008,Debit Card,Returned,200,5264.64,34512.64
ORD00649,2026-02-05,CUST0027,STR007,UPI,Returned,200,3821.04,25049.04
ORD00650,2026-01-03,CUST0086,STR030,UPI,Delivered,0,2068.92,13562.92
ORD00651,2023-12-31,CUST0037,STR010,Cash,Delivered,1000,4743.54,31096.54
ORD00652,2023-12-26,CUST0011,STR005,UPI,Delivered,0,1999.80,13109.80
ORD00653,2023-08-22,CUST0096,STR021,Net Banking,Returned,100,2056.14,13479.14
ORD00654,2025-02-01,CUST0078,STR024,Cash,Returned,200,6735.96,44157.96
ORD00655,2025-01-19,CUST0073,STR028,UPI,Cancelled,200,6269.58,41100.58
ORD00656,2024-06-07,CUST0009,STR025,UPI,Returned,1500,6609.60,43329.60
ORD00657,2024-12-31,CUST0090,STR009,Credit Card,Delivered,100,2329.56,15271.56
ORD00658,2024-12-26,CUST0100,STR026,UPI,Returned,0,4160.34,27273.34
ORD00659,2024-10-28,CUST0048,STR018,UPI,Delivered,0,2498.58,16379.58
ORD00660,2024-10-05,CUST0076,STR010,Net Banking,Delivered,1000,2209.50,14484.50
ORD00661,2023-01-01,CUST0060,STR010,Credit Card,Returned,200,3950.82,25899.82
ORD00662,2025-12-23,CUST0052,STR010,Credit Card,Delivered,0,3054.24,20022.24
ORD00663,2024-07-12,CUST0017,STR013,Credit Card,Delivered,50,2388.42,15657.42
ORD00664,2024-08-13,CUST0049,STR013,Net Banking,Returned,1500,2205.00,14455.00
ORD00665,2025-06-13,CUST0015,STR015,UPI,Delivered,0,7255.62,47564.62
ORD00666,2023-09-16,CUST0038,STR007,UPI,Delivered,500,5414.76,35496.76
ORD00667,2024-04-01,CUST0007,STR030,Credit Card,Delivered,0,3020.76,19802.76
ORD00668,2026-05-17,CUST0029,STR022,Credit Card,Delivered,0,322.02,2111.02
ORD00669,2023-08-22,CUST0036,STR026,Credit Card,Cancelled,100,4589.64,30087.64
ORD00670,2024-12-03,CUST0027,STR026,Cash,Delivered,50,5813.10,38108.10
ORD00671,2025-07-10,CUST0006,STR026,Credit Card,Delivered,0,1052.28,6898.28
ORD00672,2024-06-08,CUST0034,STR013,UPI,Returned,50,6872.58,45053.58
ORD00673,2023-11-30,CUST0012,STR026,UPI,Delivered,200,5184.54,33987.54
ORD00674,2024-07-25,CUST0042,STR006,UPI,Delivered,1500,6551.82,42950.82
ORD00675,2026-01-28,CUST0092,STR007,UPI,Returned,100,6938.28,45484.28
ORD00676,2023-04-22,CUST0084,STR010,UPI,Delivered,50,464.40,3044.40
ORD00677,2025-04-27,CUST0056,STR006,UPI,Delivered,1000,2702.88,17718.88
ORD00678,2026-06-23,CUST0020,STR024,Debit Card,Returned,100,8069.76,52901.76
ORD00679,2024-03-24,CUST0037,STR022,Debit Card,Delivered,100,7192.98,47153.98
ORD00680,2023-07-02,CUST0004,STR019,Credit Card,Returned,50,3439.26,22546.26
ORD00681,2024-03-01,CUST0096,STR021,Debit Card,Returned,0,1406.34,9219.34
ORD00682,2023-07-08,CUST0044,STR028,Net Banking,Delivered,0,1278.90,8383.90
ORD00683,2025-06-05,CUST0068,STR013,UPI,Delivered,500,1202.76,7884.76
ORD00684,2023-03-13,CUST0044,STR011,UPI,Delivered,100,1791.36,11743.36
ORD00685,2023-06-30,CUST0079,STR012,Net Banking,Delivered,0,7169.04,46997.04
ORD00686,2025-11-21,CUST0012,STR030,UPI,Delivered,0,4092.84,26830.84
ORD00687,2023-04-18,CUST0021,STR024,UPI,Returned,1000,7278.30,47713.30
ORD00688,2023-08-18,CUST0080,STR003,Credit Card,Delivered,100,6400.26,41957.26
ORD00689,2025-04-23,CUST0026,STR009,UPI,Delivered,1500,4399.92,28843.92
ORD00690,2024-03-22,CUST0023,STR001,UPI,Returned,0,7127.46,46724.46
ORD00691,2024-06-03,CUST0072,STR004,Net Banking,Returned,0,3721.50,24396.50
ORD00692,2026-01-26,CUST0040,STR005,Credit Card,Delivered,1500,1058.58,6939.58
ORD00693,2026-06-28,CUST0096,STR018,Credit Card,Delivered,50,3018.60,19788.60
ORD00694,2025-03-17,CUST0086,STR029,Credit Card,Delivered,500,246.24,1614.24
ORD00695,2026-05-13,CUST0047,STR020,Credit Card,Delivered,1500,5102.64,33450.64
ORD00696,2024-11-18,CUST0081,STR005,Debit Card,Delivered,200,871.74,5714.74
ORD00697,2024-06-20,CUST0042,STR007,Credit Card,Delivered,1000,4167.00,27317.00
ORD00698,2025-12-02,CUST0099,STR007,UPI,Delivered,1000,3164.94,20747.94
ORD00699,2025-01-06,CUST0088,STR008,UPI,Delivered,0,6348.24,41616.24
ORD00700,2024-04-28,CUST0066,STR007,Credit Card,Delivered,1500,1733.04,11361.04
ORD00701,2026-03-05,CUST0070,STR009,Cash,Delivered,500,2193.66,14380.66
ORD00702,2024-08-11,CUST0035,STR012,UPI,Delivered,1500,7495.56,49137.56
ORD00703,2026-05-23,CUST0040,STR017,Net Banking,Delivered,50,5583.60,36603.60
ORD00704,2024-01-08,CUST0014,STR007,UPI,Delivered,200,7925.40,51955.40
ORD00705,2024-12-17,CUST0057,STR006,UPI,Delivered,50,732.24,4800.24
ORD00706,2024-04-13,CUST0030,STR014,UPI,Delivered,100,2228.40,14608.40
ORD00707,2024-04-01,CUST0051,STR005,Credit Card,Delivered,500,1345.14,8818.14
ORD00708,2024-12-27,CUST0039,STR003,Credit Card,Delivered,0,3765.24,24683.24
ORD00709,2025-01-10,CUST0070,STR017,UPI,Delivered,50,1199.70,7864.70
ORD00710,2024-12-16,CUST0074,STR004,Credit Card,Delivered,50,6268.14,41091.14
ORD00711,2026-04-10,CUST0063,STR011,UPI,Delivered,1000,2806.38,18397.38
ORD00712,2026-05-13,CUST0092,STR013,UPI,Returned,1000,5243.04,34371.04
ORD00713,2023-07-26,CUST0057,STR011,UPI,Returned,200,6285.60,41205.60
ORD00714,2024-05-15,CUST0047,STR014,Net Banking,Delivered,1000,3750.84,24588.84
ORD00715,2026-02-02,CUST0026,STR010,UPI,Delivered,200,2431.08,15937.08
ORD00716,2024-10-03,CUST0045,STR014,UPI,Delivered,50,3231.72,21185.72
ORD00717,2023-11-27,CUST0061,STR012,Debit Card,Returned,50,5438.16,35650.16
ORD00718,2025-01-15,CUST0003,STR004,Debit Card,Cancelled,1000,2716.02,17805.02
ORD00719,2024-10-16,CUST0077,STR010,Credit Card,Delivered,100,2462.76,16144.76
ORD00720,2025-05-05,CUST0068,STR030,Net Banking,Delivered,100,5375.16,35237.16
ORD00721,2026-06-07,CUST0059,STR025,UPI,Returned,100,790.02,5179.02
ORD00722,2025-01-13,CUST0052,STR017,UPI,Returned,0,4254.48,27890.48
ORD00723,2025-02-05,CUST0036,STR006,UPI,Delivered,100,6116.94,40099.94
ORD00724,2024-05-26,CUST0077,STR002,Credit Card,Delivered,100,2121.84,13909.84
ORD00725,2025-01-03,CUST0025,STR003,Net Banking,Returned,200,7847.10,51442.10
ORD00726,2025-10-19,CUST0020,STR005,Credit Card,Delivered,100,5383.62,35292.62
ORD00727,2024-04-29,CUST0066,STR029,Debit Card,Cancelled,50,599.04,3927.04
ORD00728,2024-11-11,CUST0033,STR001,Debit Card,Cancelled,1500,3996.90,26201.90
ORD00729,2025-11-06,CUST0045,STR028,Cash,Delivered,100,1470.78,9641.78
ORD00730,2024-12-07,CUST0017,STR019,UPI,Delivered,100,7525.08,49331.08
ORD00731,2025-11-26,CUST0083,STR001,UPI,Delivered,50,3267.00,21417.00
ORD00732,2026-02-02,CUST0083,STR027,Debit Card,Delivered,100,5600.88,36716.88
ORD00733,2024-11-22,CUST0034,STR007,Net Banking,Delivered,1000,6320.88,41436.88
ORD00734,2026-02-18,CUST0056,STR025,Net Banking,Delivered,1500,6462.54,42365.54
ORD00735,2024-07-14,CUST0048,STR001,UPI,Returned,200,7010.46,45957.46
ORD00736,2023-04-23,CUST0021,STR010,Net Banking,Delivered,0,2958.66,19395.66
ORD00737,2024-01-19,CUST0064,STR014,UPI,Delivered,1500,3070.98,20131.98
ORD00738,2024-05-31,CUST0052,STR026,Debit Card,Delivered,100,5371.38,35212.38
ORD00739,2024-05-03,CUST0049,STR028,Credit Card,Delivered,1500,2537.10,16632.10
ORD00740,2024-09-30,CUST0034,STR022,UPI,Delivered,1500,671.04,4399.04
ORD00741,2024-08-22,CUST0093,STR002,UPI,Delivered,100,5968.98,39129.98
ORD00742,2025-10-10,CUST0049,STR022,Debit Card,Cancelled,50,3492.36,22894.36
ORD00743,2024-12-19,CUST0025,STR024,Credit Card,Delivered,200,7461.90,48916.90
ORD00744,2023-09-17,CUST0056,STR019,UPI,Delivered,50,2433.42,15952.42
ORD00745,2024-10-11,CUST0019,STR011,Cash,Delivered,1500,5711.40,37441.40
ORD00746,2024-11-21,CUST0030,STR010,UPI,Cancelled,1000,324.00,2124.00
ORD00747,2025-06-11,CUST0036,STR030,UPI,Cancelled,1500,2995.38,19636.38
ORD00748,2024-09-18,CUST0054,STR001,UPI,Delivered,1500,7252.38,47543.38
ORD00749,2025-12-23,CUST0006,STR011,Cash,Delivered,500,5453.28,35749.28
ORD00750,2026-05-01,CUST0002,STR021,Credit Card,Delivered,1500,3290.76,21572.76
ORD00751,2025-07-03,CUST0078,STR012,UPI,Delivered,0,5281.02,34620.02
ORD00752,2025-01-18,CUST0066,STR008,UPI,Delivered,1000,1567.98,10278.98
ORD00753,2024-03-23,CUST0018,STR014,Credit Card,Delivered,1000,7475.04,49003.04
ORD00754,2023-09-05,CUST0086,STR012,UPI,Delivered,200,1783.80,11693.80
ORD00755,2025-02-26,CUST0020,STR023,UPI,Delivered,50,7111.62,46620.62
ORD00756,2024-02-29,CUST0043,STR026,UPI,Returned,1500,911.34,5974.34
ORD00757,2023-06-09,CUST0094,STR028,UPI,Returned,100,1736.10,11381.10
ORD00758,2025-04-11,CUST0030,STR029,UPI,Delivered,50,4176.72,27380.72
ORD00759,2023-02-28,CUST0063,STR014,UPI,Delivered,500,1410.66,9247.66
ORD00760,2024-01-20,CUST0029,STR020,UPI,Delivered,50,1225.62,8034.62
ORD00761,2023-04-25,CUST0019,STR020,Net Banking,Delivered,1000,7358.58,48239.58
ORD00762,2025-01-15,CUST0058,STR019,UPI,Delivered,200,5501.70,36066.70
ORD00763,2024-08-30,CUST0031,STR015,Net Banking,Delivered,1000,3230.46,21177.46
ORD00764,2024-05-08,CUST0035,STR016,UPI,Delivered,100,3934.44,25792.44
ORD00765,2024-05-23,CUST0042,STR004,UPI,Delivered,1000,1175.76,7707.76
ORD00766,2024-07-22,CUST0067,STR005,UPI,Delivered,1000,4027.14,26400.14
ORD00767,2024-01-06,CUST0093,STR028,UPI,Cancelled,100,4563.18,29914.18
ORD00768,2023-02-12,CUST0079,STR013,Credit Card,Delivered,100,4158.00,27258.00
ORD00769,2026-06-23,CUST0012,STR014,UPI,Delivered,500,1029.06,6746.06
ORD00770,2024-11-03,CUST0019,STR001,UPI,Delivered,50,5013.18,32864.18
ORD00771,2025-05-29,CUST0028,STR016,UPI,Cancelled,500,6036.66,39573.66
ORD00772,2023-07-09,CUST0013,STR001,UPI,Delivered,500,5568.12,36502.12
ORD00773,2025-12-05,CUST0047,STR003,UPI,Delivered,200,7680.78,50351.78
ORD00774,2024-11-20,CUST0099,STR028,Net Banking,Cancelled,1500,1312.20,8602.20
ORD00775,2023-02-10,CUST0099,STR022,UPI,Delivered,1500,4325.94,28358.94
ORD00776,2024-06-19,CUST0021,STR023,Credit Card,Delivered,0,6876.54,45079.54
ORD00777,2023-06-04,CUST0048,STR011,UPI,Delivered,50,1048.50,6873.50
ORD00778,2025-04-26,CUST0024,STR010,UPI,Delivered,1500,6674.04,43752.04
ORD00779,2024-01-12,CUST0088,STR026,Debit Card,Cancelled,500,3795.48,24881.48
ORD00780,2025-07-14,CUST0016,STR017,Debit Card,Returned,1500,6629.22,43458.22
ORD00781,2023-11-08,CUST0029,STR029,Debit Card,Returned,50,5253.84,34441.84
ORD00782,2025-05-09,CUST0018,STR017,UPI,Delivered,100,6431.40,42161.40
ORD00783,2025-04-08,CUST0030,STR004,UPI,Delivered,500,2770.20,18160.20
ORD00784,2026-04-03,CUST0034,STR020,Credit Card,Cancelled,1000,7336.26,48093.26
ORD00785,2024-06-14,CUST0017,STR005,Cash,Delivered,500,6157.26,40364.26
ORD00786,2024-02-25,CUST0053,STR010,UPI,Delivered,0,6197.40,40627.40
ORD00787,2024-08-15,CUST0015,STR001,Credit Card,Returned,1000,6036.84,39574.84
ORD00788,2024-08-05,CUST0017,STR015,Debit Card,Returned,500,3366.90,22071.90
ORD00789,2023-08-09,CUST0036,STR022,UPI,Delivered,500,1009.98,6620.98
ORD00790,2023-05-08,CUST0025,STR001,Cash,Delivered,500,4553.10,29848.10
ORD00791,2024-04-30,CUST0051,STR024,Credit Card,Delivered,0,4506.48,29542.48
ORD00792,2024-07-23,CUST0027,STR005,Debit Card,Returned,0,7893.36,51745.36
ORD00793,2024-10-30,CUST0041,STR020,Credit Card,Delivered,0,4351.50,28526.50
ORD00794,2025-09-02,CUST0045,STR030,Cash,Delivered,1000,155.16,1017.16
ORD00795,2023-08-16,CUST0099,STR028,Debit Card,Delivered,0,7496.64,49144.64
ORD00796,2024-11-06,CUST0043,STR029,Debit Card,Delivered,1000,6201.90,40656.90
ORD00797,2026-03-07,CUST0085,STR015,UPI,Returned,0,5641.02,36980.02
ORD00798,2026-04-25,CUST0087,STR001,UPI,Returned,100,2490.84,16328.84
ORD00799,2026-03-09,CUST0100,STR028,UPI,Delivered,100,6916.50,45341.50
ORD00800,2023-04-04,CUST0041,STR007,UPI,Cancelled,500,7081.56,46423.56
